Canton,Approved Amount
AG,122884928.87
BE,1557800270.29
BS,1403558134.9799998
FR,459230554.7500001
GE,1880154595.0999997
GR,36538316.0
JU,34790345.46
LU,54673286.669999994
NE,403102046.29999995
SG,149768618.37
SH,176691.0
SO,46775027.120000005
SZ,936551.0
TG,4018981.0
TI,115262319.9
VD,2417982608.4500003
VS,30577687.2
ZG,495715.0
ZH,3680963825.3699994
